,model,query,nesting,value,model_parsing_time,model_checking_time,model_construction_time,name,timeout,solver
0,out/models/model_spotify1000_model-it_0.prism, Pmax=? [F loc=204] ,0,0.001,1.201,1.201,247.153,reach_state,3600,prism
0,out/models/model_spotify1000_model-it_0.prism, Pmax=? [F loc=5543] ,0,0.878662720615444,65.848,65.848,249.113,reach_state,3600,prism
0,out/models/model_spotify1000_model-it_0.prism, Pmax=? [F loc=839] ,0,0.6840423953376298,198.26,198.26,247.247,reach_state,3600,prism
0,out/models/model_spotify1000_model-it_0.prism, Pmax=? [F loc=5238] ,0,0.8088638629214475,225.428,225.428,248.231,reach_state,3600,prism
0,out/models/model_spotify1000_model-it_0.prism, Pmax=? [F loc=2006] ,0,0.8088638629214475,227.098,227.098,249.718,reach_state,3600,prism
0,out/models/model_spotify1000_model-it_0.prism, Pmax=? [F loc=1828] ,0,0.00211425396814215,296.155,296.155,244.403,reach_state,3600,prism
0,out/models/model_spotify1000_model-it_0.prism, Pmax=? [F loc=4467] ,0,0.00430775957477508,298.088,298.088,245.307,reach_state,3600,prism
0,out/models/model_spotify1000_model-it_0.prism, Pmax=? [F loc=2253] ,0,0.0020258714178806782,297.548,297.548,246.539,reach_state,3600,prism
0,out/models/model_spotify1000_model-it_0.prism, Pmax=? [F loc=1143] ,0,0.03727335293866096,299.393,299.393,247.221,reach_state,3600,prism
0,out/models/model_spotify1000_model-it_0.prism, Pmax=? [F loc=912] ,0,0.007223094824468312,300.343,300.343,248.753,reach_state,3600,prism
0,out/models/model_spotify1000_model-it_0.prism,"Pmax=? [(F ""positive"") & (!(""positive"") U loc=3456)]",0,0.4433276086457329,315.265,315.265,248.235,avoid_state,3600,prism
0,out/models/model_spotify1000_model-it_0.prism,"Pmax=? [(F ""positive"") & (!(""positive"") U loc=712)]",0,6.611571627308318E-4,319.468,319.468,248.072,avoid_state,3600,prism
0,out/models/model_spotify1000_model-it_0.prism,"Pmax=? [(F ""positive"") & (!(""positive"") U loc=244)]",0,0.003305785813654161,321.554,321.554,246.978,avoid_state,3600,prism
0,out/models/model_spotify1000_model-it_0.prism,"Pmax=? [(F ""positive"") & (!(""positive"") U loc=260)]",0,0.01248460171049369,320.652,320.652,248.431,avoid_state,3600,prism
0,out/models/model_spotify1000_model-it_0.prism,"Pmax=? [(F ""positive"") & (!(""positive"") U loc=4837)]",0,0.001384108729218208,323.964,323.964,246.437,avoid_state,3600,prism
0,out/models/model_spotify1000_model-it_0.prism,"Pmax=? [(F ""positive"") & (!(""positive"") U loc=767)]",0,0.0027762273003390115,327.467,327.467,247.573,avoid_state,3600,prism
0,out/models/model_spotify1000_model-it_0.prism,"Pmax=? [(F ""positive"") & (!(""positive"") U loc=1791)]",0,0.0021677508300577105,324.474,324.474,242.426,avoid_state,3600,prism
0,out/models/model_spotify1000_model-it_0.prism,"Pmax=? [(F ""positive"") & (!(""positive"") U loc=1905)]",0,0.0014276265623956346,326.903,326.903,253.298,avoid_state,3600,prism
0,out/models/model_spotify1000_model-it_0.prism,"Pmax=? [(F ""positive"") & (!(""positive"") U loc=4139)]",0,0.5347928639128205,323.432,323.432,252.237,avoid_state,3600,prism
0,out/models/model_spotify1000_model-it_0.prism,"Pmax=? [(F ""positive"") & (!(""positive"") U loc=4931)]",0,7.14574373069522E-4,329.395,329.395,250.601,avoid_state,3600,prism
0,out/models/model_spotify1000_model-it_0.prism,"Pmax=? [(F ""positive"") & (X( loc=1 ))]",1,0.6567553174273701,308.263,308.263,248.765,random_path,3600,prism
0,out/models/model_spotify1000_model-it_0.prism,"Pmax=? [(F ""positive"") & (X( loc=1 ))]",1,0.6567553174273701,307.454,307.454,247.487,random_path,3600,prism
0,out/models/model_spotify1000_model-it_0.prism,"Pmax=? [(F ""positive"") & (X( loc=1 ))]",1,0.6567553174273701,311.049,311.049,247.486,random_path,3600,prism
0,out/models/model_spotify1000_model-it_0.prism,"Pmax=? [(F ""positive"") & (X( loc=1 ))]",1,0.6567553174273701,311.675,311.675,251.506,random_path,3600,prism
0,out/models/model_spotify1000_model-it_0.prism,"Pmax=? [(F ""positive"") & (X( loc=1 ))]",1,0.6567553174273701,313.372,313.372,250.797,random_path,3600,prism
0,out/models/model_spotify1000_model-it_0.prism,"Pmax=? [(F ""positive"") & ((X( loc=1 & (X( loc=76 )))))]",2,0.010540205170579084,325.549,325.549,246.99,random_path,3600,prism
0,out/models/model_spotify1000_model-it_0.prism,"Pmax=? [(F ""positive"") & ((X( loc=1 & (X( loc=97 )))))]",2,0.0013095918776989512,323.0,323.0,251.481,random_path,3600,prism
0,out/models/model_spotify1000_model-it_0.prism,"Pmax=? [(F ""positive"") & ((X( loc=1 & (X( loc=34 )))))]",2,6.611571627308322E-4,327.062,327.062,248.272,random_path,3600,prism
0,out/models/model_spotify1000_model-it_0.prism,"Pmax=? [(F ""positive"") & ((X( loc=1 & (X( loc=30 )))))]",2,0.0032803409181287346,328.883,328.883,250.072,random_path,3600,prism
0,out/models/model_spotify1000_model-it_0.prism,"Pmax=? [(F ""positive"") & ((X( loc=1 & (X( loc=134 )))))]",2,0.0019646135932679743,331.805,331.805,250.685,random_path,3600,prism
0,out/models/model_spotify1000_model-it_0.prism,"Pmax=? [(F ""positive"") & ((X( loc=1 & ((X( loc=8 & (X( loc=175 ))))))))]",3,0.001970749040429783,331.711,331.711,249.187,random_path,3600,prism
0,out/models/model_spotify1000_model-it_0.prism,"Pmax=? [(F ""positive"") & ((X( loc=1 & ((X( loc=162 & (X( loc=329 ))))))))]",3,6.545701621299282E-4,332.116,332.116,249.654,random_path,3600,prism
0,out/models/model_spotify1000_model-it_0.prism,"Pmax=? [(F ""positive"") & ((X( loc=1 & ((X( loc=55 & (X( loc=222 ))))))))]",3,0.0052700026108710935,331.524,331.524,255.246,random_path,3600,prism
0,out/models/model_spotify1000_model-it_0.prism,"Pmax=? [(F ""positive"") & ((X( loc=1 & ((X( loc=140 & (X( loc=307 ))))))))]",3,0.001970749040429783,333.85,333.85,251.744,random_path,3600,prism
0,out/models/model_spotify1000_model-it_0.prism,"Pmax=? [(F ""positive"") & ((X( loc=1 & ((X( loc=100 & (X( loc=267 ))))))))]",3,0.003954220528622279,328.924,328.924,251.485,random_path,3600,prism
0,out/models/model_spotify1000_model-it_0.prism,"Pmax=? [(F ""positive"") & ((X( loc=1 & ((X( loc=62 & ((X( loc=229 & (X( loc=336|loc=341|loc=343 )))))))))))]",4,0.0013091403242598565,327.696,327.696,251.251,random_path,3600,prism
0,out/models/model_spotify1000_model-it_0.prism,"Pmax=? [(F ""positive"") & ((X( loc=1 & ((X( loc=64 & ((X( loc=231 & (X( loc=342 )))))))))))]",4,6.611571627308322E-4,334.59,334.59,249.266,random_path,3600,prism
0,out/models/model_spotify1000_model-it_0.prism,"Pmax=? [(F ""positive"") & ((X( loc=1 & ((X( loc=13 & ((X( loc=180 & (X( loc=339 )))))))))))]",4,6.611571627308321E-4,334.038,334.038,251.189,random_path,3600,prism
0,out/models/model_spotify1000_model-it_0.prism,"Pmax=? [(F ""positive"") & ((X( loc=1 & ((X( loc=74 & ((X( loc=241 & (X( loc=340 )))))))))))]",4,0.0026446286509233283,331.039,331.039,250.423,random_path,3600,prism
0,out/models/model_spotify1000_model-it_0.prism,"Pmax=? [(F ""positive"") & ((X( loc=1 & ((X( loc=151 & ((X( loc=318 & (X( loc=339 )))))))))))]",4,6.611571627308322E-4,329.425,329.425,257.283,random_path,3600,prism
0,out/models/model_spotify1000_model-it_0.prism,"Pmax=? [(F ""positive"") & ((X( loc=1 & ((X( loc=135 & ((X( loc=302 & ((X( loc=336|loc=341|loc=343 & (X( loc=345|loc=350|loc=352 ))))))))))))))]",5,0.0013091403242598565,326.879,326.879,248.739,random_path,3600,prism
0,out/models/model_spotify1000_model-it_0.prism,"Pmax=? [(F ""positive"") & ((X( loc=1 & ((X( loc=45 & ((X( loc=212 & ((X( loc=342 & (X( loc=351 ))))))))))))))]",5,0.0013223143254616643,335.335,335.335,251.881,random_path,3600,prism
0,out/models/model_spotify1000_model-it_0.prism,"Pmax=? [(F ""positive"") & ((X( loc=1 & ((X( loc=5 & ((X( loc=172 & ((X( loc=336|loc=341|loc=343 & (X( loc=345|loc=350|loc=352 ))))))))))))))]",5,6.545701621299282E-4,329.464,329.464,251.377,random_path,3600,prism
0,out/models/model_spotify1000_model-it_0.prism,"Pmax=? [(F ""positive"") & ((X( loc=1 & ((X( loc=137 & ((X( loc=304 & ((X( loc=336|loc=341|loc=343 & (X( loc=345|loc=350|loc=352 ))))))))))))))]",5,6.545701621299282E-4,329.124,329.124,258.461,random_path,3600,prism
0,out/models/model_spotify1000_model-it_0.prism,"Pmax=? [(F ""positive"") & ((X( loc=1 & ((X( loc=158 & ((X( loc=325 & ((X( loc=336|loc=341|loc=343 & (X( loc=345|loc=350|loc=352 ))))))))))))))]",5,6.545701621299282E-4,330.634,330.634,251.139,random_path,3600,prism
0,out/models/model_spotify1000_model-it_0.prism,"Pmax=? [(F ""positive"") & ((X( loc=1 & ((X( loc=44 & ((X( loc=211 & ((X( loc=340 & ((X( loc=349 & (X( loc=4091 )))))))))))))))))]",6,0.0012961765822731629,348.797,348.797,253.523,random_path,3600,prism
0,out/models/model_spotify1000_model-it_0.prism,"Pmax=? [(F ""positive"") & ((X( loc=1 & ((X( loc=12 & ((X( loc=179 & ((X( loc=337|loc=338 & ((X( loc=346|loc=347 & (X( loc=797 )))))))))))))))))]",6,5.351139457223761E-6,330.702,330.702,249.277,random_path,3600,prism
0,out/models/model_spotify1000_model-it_0.prism,"Pmax=? [(F ""positive"") & ((X( loc=1 & ((X( loc=14 & ((X( loc=181 & ((X( loc=340 & ((X( loc=349 & (X( loc=2697 )))))))))))))))))]",6,6.546227269337068E-4,341.932,341.932,255.629,random_path,3600,prism
0,out/models/model_spotify1000_model-it_0.prism,"Pmax=? [(F ""positive"") & ((X( loc=1 & ((X( loc=52 & ((X( loc=219 & ((X( loc=339 & ((X( loc=348 & (X( loc=851 )))))))))))))))))]",6,6.480882911365814E-4,337.438,337.438,250.725,random_path,3600,prism
0,out/models/model_spotify1000_model-it_0.prism,"Pmax=? [(F ""positive"") & ((X( loc=1 & ((X( loc=156 & ((X( loc=323 & ((X( loc=337|loc=338 & ((X( loc=346|loc=347 & (X( loc=4946 )))))))))))))))))]",6,6.55021715569023E-4,337.45,337.45,254.385,random_path,3600,prism
0,out/models/model_spotify1000_model-it_0.prism,"Pmax=? [(F ""positive"") & ((X( loc=1 & ((X( loc=140 & ((X( loc=307 & ((X( loc=336|loc=341|loc=343 & ((X( loc=345|loc=350|loc=352 & ((X( loc=5614 & (X( loc=5625 ))))))))))))))))))))]",7,6.545701621299282E-4,334.319,334.319,252.491,random_path,3600,prism
0,out/models/model_spotify1000_model-it_0.prism,"Pmax=? [(F ""positive"") & ((X( loc=1 & ((X( loc=87 & ((X( loc=254 & ((X( loc=339 & ((X( loc=348 & ((X( loc=5569 & (X( loc=5585 ))))))))))))))))))))]",7,0.0012961765822731629,334.498,334.498,252.667,random_path,3600,prism
0,out/models/model_spotify1000_model-it_0.prism,"Pmax=? [(F ""positive"") & ((X( loc=1 & ((X( loc=91 & ((X( loc=258 & ((X( loc=342 & ((X( loc=351 & ((X( loc=768 & (X( loc=1343 ))))))))))))))))))))]",7,6.524445816679983E-4,333.098,333.098,252.658,random_path,3600,prism
0,out/models/model_spotify1000_model-it_0.prism,"Pmax=? [(F ""positive"") & ((X( loc=1 & ((X( loc=133 & ((X( loc=300 & ((X( loc=336|loc=341|loc=343 & ((X( loc=345|loc=350|loc=352 & ((X( loc=2087 & (X( loc=2146 ))))))))))))))))))))]",7,6.545701621299282E-4,330.629,330.629,253.55,random_path,3600,prism
0,out/models/model_spotify1000_model-it_0.prism,"Pmax=? [(F ""positive"") & ((X( loc=1 & ((X( loc=50 & ((X( loc=217 & ((X( loc=336|loc=341|loc=343 & ((X( loc=345|loc=350|loc=352 & ((X( loc=758 & (X( loc=1333 ))))))))))))))))))))]",7,0.0058918277522986085,338.645,338.645,253.845,random_path,3600,prism
0,out/models/model_spotify1000_model-it_0.prism,"Pmax=? [(F ""positive"") & ((X( loc=1 & ((X( loc=121 & ((X( loc=288 & ((X( loc=337|loc=338 & ((X( loc=346|loc=347 & ((X( loc=527 & ((X( loc=1102 & (X( loc=1504 )))))))))))))))))))))))]",8,3.474356440975568E-6,332.611,332.611,250.753,random_path,3600,prism
0,out/models/model_spotify1000_model-it_0.prism,"Pmax=? [(F ""positive"") & ((X( loc=1 & ((X( loc=123 & ((X( loc=290 & ((X( loc=337|loc=338 & ((X( loc=346|loc=347 & ((X( loc=4262 & ((X( loc=4310 & (X( loc=1505 )))))))))))))))))))))))]",8,0.001310043431138046,330.943,330.943,252.024,random_path,3600,prism
0,out/models/model_spotify1000_model-it_0.prism,"Pmax=? [(F ""positive"") & ((X( loc=1 & ((X( loc=90 & ((X( loc=257 & ((X( loc=336|loc=341|loc=343 & ((X( loc=345|loc=350|loc=352 & ((X( loc=3881 & ((X( loc=3926 & (X( loc=1505 )))))))))))))))))))))))]",8,6.545701621299282E-4,330.69,330.69,248.635,random_path,3600,prism
0,out/models/model_spotify1000_model-it_0.prism,"Pmax=? [(F ""positive"") & ((X( loc=1 & ((X( loc=45 & ((X( loc=212 & ((X( loc=337|loc=338 & ((X( loc=346|loc=347 & ((X( loc=467 & ((X( loc=1042 & (X( loc=1504 )))))))))))))))))))))))]",8,2.098238791804853E-5,329.871,329.871,251.968,random_path,3600,prism
0,out/models/model_spotify1000_model-it_0.prism,"Pmax=? [(F ""positive"") & ((X( loc=1 & ((X( loc=40 & ((X( loc=207 & ((X( loc=336|loc=341|loc=343 & ((X( loc=345|loc=350|loc=352 & ((X( loc=638 & ((X( loc=1213 & (X( loc=1505 )))))))))))))))))))))))]",8,0.003273237640165893,334.739,334.739,253.735,random_path,3600,prism
0,out/models/model_spotify1000_model-it_0.prism,"Pmax=? [(F ""positive"") & ((X( loc=1 & ((X( loc=34 & ((X( loc=201 & ((X( loc=340 & ((X( loc=349 & ((X( loc=494 & ((X( loc=1069 & ((X( loc=1505 & (X( loc=1507 ))))))))))))))))))))))))))]",9,6.480882911365814E-4,348.632,348.632,254.534,random_path,3600,prism
0,out/models/model_spotify1000_model-it_0.prism,"Pmax=? [(F ""positive"") & ((X( loc=1 & ((X( loc=148 & ((X( loc=315 & ((X( loc=336|loc=341|loc=343 & ((X( loc=345|loc=350|loc=352 & ((X( loc=833 & ((X( loc=1408 & ((X( loc=1505 & (X( loc=1507 ))))))))))))))))))))))))))]",9,6.545701621299282E-4,335.819,335.819,254.057,random_path,3600,prism
0,out/models/model_spotify1000_model-it_0.prism,"Pmax=? [(F ""positive"") & ((X( loc=1 & ((X( loc=60 & ((X( loc=227 & ((X( loc=336|loc=341|loc=343 & ((X( loc=345|loc=350|loc=352 & ((X( loc=2542 & ((X( loc=2600 & ((X( loc=1505 & (X( loc=1507 ))))))))))))))))))))))))))]",9,6.545701621299282E-4,341.297,341.297,254.179,random_path,3600,prism
0,out/models/model_spotify1000_model-it_0.prism,"Pmax=? [(F ""positive"") & ((X( loc=1 & ((X( loc=82 & ((X( loc=249 & ((X( loc=336|loc=341|loc=343 & ((X( loc=345|loc=350|loc=352 & ((X( loc=692 & ((X( loc=1267 & ((X( loc=1505 & (X( loc=1507 ))))))))))))))))))))))))))]",9,6.545701621299282E-4,334.287,334.287,251.883,random_path,3600,prism
0,out/models/model_spotify1000_model-it_0.prism,"Pmax=? [(F ""positive"") & ((X( loc=1 & ((X( loc=125 & ((X( loc=292 & ((X( loc=340 & ((X( loc=349 & ((X( loc=2543 & ((X( loc=2601 & ((X( loc=1504 & (X( loc=1506 ))))))))))))))))))))))))))]",9,4.407714418205547E-4,348.008,348.008,253.6,random_path,3600,prism
0,out/models/model_spotify1000_model-it_0.prism,"Pmax=? [(F ""positive"") & (X( loc=1 ))]",1,0.6567553174273701,313.862,313.862,252.21,actual_path,3600,prism
0,out/models/model_spotify1000_model-it_0.prism,"['start', 'companystart', 'startprofile_1_3_8', 'companystartprofile_1_3_8', 'select_context_catalog']",0,-1,0.0,0.0,0.0,actual_path,3600,
0,out/models/model_spotify1000_model-it_0.prism,"Pmax=? [(F ""positive"") & (X( loc=1 ))]",1,0.6567553174273701,319.269,319.269,257.716,actual_path,3600,prism
0,out/models/model_spotify1000_model-it_0.prism,"Pmax=? [(F ""positive"") & (X( loc=1 ))]",1,0.6567553174273701,316.969,316.969,253.261,actual_path,3600,prism
0,out/models/model_spotify1000_model-it_0.prism,"Pmax=? [(F ""positive"") & (X( loc=1 ))]",1,0.6567553174273701,316.068,316.068,255.825,actual_path,3600,prism
0,out/models/model_spotify1000_model-it_0.prism,"Pmax=? [(F ""positive"") & (X( loc=1 ))]",1,0.6567553174273701,319.361,319.361,252.344,actual_path,3600,prism
0,out/models/model_spotify1000_model-it_0.prism,"Pmax=? [(F ""positive"") & ((X( loc=1 & (X( loc=23 )))))]",2,0.007227632407487122,329.674,329.674,252.446,actual_path,3600,prism
0,out/models/model_spotify1000_model-it_0.prism,"Pmax=? [(F ""positive"") & ((X( loc=1 & (X( loc=19 )))))]",2,0.010494711991976009,328.985,328.985,254.265,actual_path,3600,prism
0,out/models/model_spotify1000_model-it_0.prism,"Pmax=? [(F ""positive"") & ((X( loc=1 & (X( loc=68 )))))]",2,0.02164452853384753,331.175,331.175,252.0,actual_path,3600,prism
0,out/models/model_spotify1000_model-it_0.prism,"Pmax=? [(F ""positive"") & ((X( loc=1 & (X( loc=98 )))))]",2,0.007208089464924946,332.147,332.147,258.544,actual_path,3600,prism
0,out/models/model_spotify1000_model-it_0.prism,"Pmax=? [(F ""positive"") & ((X( loc=1 & (X( loc=45 )))))]",2,0.02692718479662407,336.44,336.44,253.419,actual_path,3600,prism
0,out/models/model_spotify1000_model-it_0.prism,"Pmax=? [(F ""positive"") & ((X( loc=1 & ((X( loc=138 & ((X( loc=305 & (X( loc=340 )))))))))))]",4,0.0,2.197,2.197,256.323,actual_path,3600,prism
0,out/models/model_spotify1000_model-it_0.prism,"Pmax=? [(F ""positive"") & ((X( loc=1 & ((X( loc=55 & ((X( loc=222 & ((X( loc=336|loc=341|loc=343 & (X( loc=345|loc=350|loc=352 ))))))))))))))]",5,0.0,2.168,2.168,255.186,actual_path,3600,prism
0,out/models/model_spotify1000_model-it_0.prism,"Pmax=? [(F ""positive"") & ((X( loc=1 & ((X( loc=98 & (X( loc=265 ))))))))]",3,0.007208089464924946,335.334,335.334,252.487,actual_path,3600,prism
0,out/models/model_spotify1000_model-it_0.prism,"['start', 'companystart', 'startprofile_5_9_4', 'companystartprofile_5_9_4', 'select_context_catalog', 'companyselect_context_catalog', 'played_10_major_5_8_5']",0,-1,0.0,0.0,0.0,actual_path,3600,
0,out/models/model_spotify1000_model-it_0.prism,"Pmax=? [(F ""positive"") & ((X( loc=1 & ((X( loc=119 & (X( loc=286 ))))))))]",3,0.004596300340699246,333.312,333.312,252.401,actual_path,3600,prism
0,out/models/model_spotify1000_model-it_0.prism,"Pmax=? [(F ""positive"") & ((X( loc=1 & ((X( loc=68 & (X( loc=235 ))))))))]",3,0.02164452853384753,332.529,332.529,255.165,actual_path,3600,prism
0,out/models/model_spotify1000_model-it_0.prism,"Pmax=? [(F ""positive"") & ((X( loc=1 & ((X( loc=50 & (X( loc=217 ))))))))]",3,0.03615743794043756,330.827,330.827,251.723,actual_path,3600,prism
0,out/models/model_spotify1000_model-it_0.prism,"Pmax=? [(F ""positive"") & ((X( loc=1 & ((X( loc=29 & (X( loc=196 ))))))))]",3,0.006585898706007569,332.787,332.787,254.725,actual_path,3600,prism
0,out/models/model_spotify1000_model-it_0.prism,"Pmax=? [(F ""positive"") & ((X( loc=1 & ((X( loc=73 & ((X( loc=240 & (X( loc=337|loc=338 )))))))))))]",4,0.0032736946620282215,330.887,330.887,250.822,actual_path,3600,prism
0,out/models/model_spotify1000_model-it_0.prism,"Pmax=? [(F ""positive"") & ((X( loc=1 & ((X( loc=20 & ((X( loc=187 & (X( loc=340 )))))))))))]",4,0.0013223143254616643,335.614,335.614,257.349,actual_path,3600,prism
0,out/models/model_spotify1000_model-it_0.prism,"['start', 'companystart', 'startprofile_0_4_7', 'companystartprofile_0_4_7', 'select_context_user_collection', 'companyselect_context_user_collection', 'played_10_minor_1_3_5', 'companyplayed_10_minor_1_3_5', 'skipped']",0,-1,0.0,0.0,0.0,actual_path,3600,
0,out/models/model_spotify1000_model-it_0.prism,"Pmax=? [(F ""positive"") & ((X( loc=1 & ((X( loc=88 & ((X( loc=255 & (X( loc=337|loc=338 )))))))))))]",4,0.003273694662028221,333.677,333.677,255.28,actual_path,3600,prism
0,out/models/model_spotify1000_model-it_0.prism,"Pmax=? [(F ""positive"") & ((X( loc=1 & ((X( loc=25 & ((X( loc=192 & ((X( loc=337|loc=338 & (X( loc=346|loc=347 ))))))))))))))]",5,0.005892650391650798,332.797,332.797,250.783,actual_path,3600,prism
0,out/models/model_spotify1000_model-it_0.prism,"Pmax=? [(F ""positive"") & ((X( loc=1 & ((X( loc=76 & ((X( loc=243 & ((X( loc=336|loc=341|loc=343 & (X( loc=345|loc=350|loc=352 ))))))))))))))]",5,0.002618590112132715,330.808,330.808,252.021,actual_path,3600,prism
0,out/models/model_spotify1000_model-it_0.prism,"Pmax=? [(F ""positive"") & ((X( loc=1 & ((X( loc=54 & ((X( loc=221 & ((X( loc=336|loc=341|loc=343 & (X( loc=345|loc=350|loc=352 ))))))))))))))]",5,0.0013091403242598565,329.2,329.2,253.781,actual_path,3600,prism
0,out/models/model_spotify1000_model-it_0.prism,"Pmax=? [(F ""positive"") & ((X( loc=1 & ((X( loc=45 & ((X( loc=212 & ((X( loc=337|loc=338 & (X( loc=346|loc=347 ))))))))))))))]",5,0.014404256512924174,333.447,333.447,253.043,actual_path,3600,prism
0,out/models/model_spotify1000_model-it_0.prism,"Pmax=? [(F ""positive"") & ((X( loc=1 & ((X( loc=50 & ((X( loc=217 & ((X( loc=336|loc=341|loc=343 & ((X( loc=345|loc=350|loc=352 & (X( loc=474 )))))))))))))))))]",6,0.0058918277522986085,333.528,333.528,254.339,actual_path,3600,prism
0,out/models/model_spotify1000_model-it_0.prism,"Pmax=? [(F ""positive"") & ((X( loc=1 & ((X( loc=103 & ((X( loc=270 & ((X( loc=337|loc=338 & ((X( loc=346|loc=347 & ((X( loc=2629 & (X( loc=2726 ))))))))))))))))))))]",7,0.0,2.687,2.687,256.472,actual_path,3600,prism
0,out/models/model_spotify1000_model-it_0.prism,"['start', 'companystart', 'startprofile_1_3_8', 'companystartprofile_1_3_8', 'select_context_user_collection', 'companyselect_context_user_collection', 'played_10_major_0_2_9', 'companyplayed_10_major_0_2_9', 'skipped', 'companyskipped']",0,-1,0.0,0.0,0.0,actual_path,3600,
0,out/models/model_spotify1000_model-it_0.prism,"Pmax=? [(F ""positive"") & ((X( loc=1 & ((X( loc=69 & ((X( loc=236 & ((X( loc=337|loc=338 & ((X( loc=346|loc=347 & ((X( loc=897 & (X( loc=1472 ))))))))))))))))))))]",7,0.0,2.715,2.715,251.41,actual_path,3600,prism
0,out/models/model_spotify1000_model-it_0.prism,"Pmax=? [(F ""positive"") & ((X( loc=1 & ((X( loc=50 & ((X( loc=217 & ((X( loc=340 & ((X( loc=349 & (X( loc=457 )))))))))))))))))]",6,0.010476691047619849,342.642,342.642,251.966,actual_path,3600,prism
0,out/models/model_spotify1000_model-it_0.prism,"Pmax=? [(F ""positive"") & ((X( loc=1 & ((X( loc=49 & ((X( loc=216 & ((X( loc=337|loc=338 & ((X( loc=346|loc=347 & ((X( loc=2881 & ((X( loc=2955 & ((X( loc=1505 & (X( loc=1507 ))))))))))))))))))))))))))]",9,0.0,4.84,4.84,253.526,actual_path,3600,prism
0,out/models/model_spotify1000_model-it_0.prism,"Pmax=? [(F ""positive"") & ((X( loc=1 & ((X( loc=75 & ((X( loc=242 & ((X( loc=337|loc=338 & ((X( loc=346|loc=347 & (X( loc=421 )))))))))))))))))]",6,1.3913933770718433E-4,329.785,329.785,254.158,actual_path,3600,prism
0,out/models/model_spotify1000_model-it_0.prism,"Pmax=? [(F ""positive"") & ((X( loc=1 & ((X( loc=93 & ((X( loc=260 & ((X( loc=337|loc=338 & ((X( loc=346|loc=347 & ((X( loc=2864 & ((X( loc=2938 & ((X( loc=1504 & (X( loc=1506 ))))))))))))))))))))))))))]",9,0.0,4.868,4.868,257.585,actual_path,3600,prism
0,out/models/model_spotify1000_model-it_0.prism,"Pmax=? [(F ""positive"") & ((X( loc=1 & ((X( loc=93 & ((X( loc=260 & ((X( loc=336|loc=341|loc=343 & ((X( loc=345|loc=350|loc=352 & (X( loc=798 )))))))))))))))))]",6,0.0026185901121327146,336.47,336.47,258.413,actual_path,3600,prism
0,out/models/model_spotify1000_model-it_0.prism,"Pmax=? [(F ""positive"") & ((X( loc=1 & ((X( loc=50 & ((X( loc=217 & ((X( loc=337|loc=338 & ((X( loc=346|loc=347 & ((X( loc=543 & (X( loc=1118 ))))))))))))))))))))]",7,4.107601672503966E-5,326.528,326.528,255.941,actual_path,3600,prism
0,out/models/model_spotify1000_model-it_0.prism,"Pmax=? [(F ""positive"") & ((X( loc=1 & ((X( loc=20 & ((X( loc=187 & ((X( loc=340 & ((X( loc=349 & ((X( loc=454 & (X( loc=1029 ))))))))))))))))))))]",7,0.0013118592281862638,341.294,341.294,251.62,actual_path,3600,prism
0,out/models/model_spotify1000_model-it_0.prism,"Pmax=? [(F ""positive"") & ((X( loc=1 & ((X( loc=68 & ((X( loc=235 & ((X( loc=337|loc=338 & ((X( loc=346|loc=347 & ((X( loc=705 & ((X( loc=1280 & (X( loc=1505 )))))))))))))))))))))))]",8,1.6246354982170435E-5,325.316,325.316,248.313,actual_path,3600,prism
0,out/models/model_spotify1000_model-it_0.prism,"Pmax=? [(F ""positive"") & ((X( loc=1 & ((X( loc=157 & ((X( loc=324 & ((X( loc=340 & ((X( loc=349 & ((X( loc=3642 & ((X( loc=3686 & (X( loc=1505 )))))))))))))))))))))))]",8,6.480882911365814E-4,330.786,330.786,249.204,actual_path,3600,prism
0,out/models/model_spotify1000_model-it_0.prism,"Pmax=? [(F ""positive"") & ((X( loc=1 & ((X( loc=75 & ((X( loc=242 & ((X( loc=337|loc=338 & ((X( loc=346|loc=347 & ((X( loc=634 & (X( loc=1209 ))))))))))))))))))))]",7,4.6376541962605935E-5,330.323,330.323,255.609,actual_path,3600,prism
0,out/models/model_spotify1000_model-it_0.prism,"Pmax=? [(F ""positive"") & ((X( loc=1 & ((X( loc=54 & ((X( loc=221 & ((X( loc=340 & ((X( loc=349 & ((X( loc=488|loc=2299 & ((X( loc=1063|loc=2445 & (X( loc=1505 )))))))))))))))))))))))]",8,6.546227269337068E-4,341.97,341.97,253.079,actual_path,3600,prism
0,out/models/model_spotify1000_model-it_0.prism,"Pmax=? [(F ""positive"") & ((X( loc=1 & ((X( loc=67 & ((X( loc=234 & ((X( loc=339 & ((X( loc=348 & ((X( loc=3035 & ((X( loc=3111 & (X( loc=1505 )))))))))))))))))))))))]",8,3.240441455682907E-4,331.475,331.475,250.911,actual_path,3600,prism
0,out/models/model_spotify1000_model-it_0.prism,"Pmax=? [(F ""positive"") & ((X( loc=1 & ((X( loc=10 & ((X( loc=177 & ((X( loc=340 & ((X( loc=349 & ((X( loc=379 & ((X( loc=954 & ((X( loc=1504 & (X( loc=1506 ))))))))))))))))))))))))))]",9,4.95867872048124E-4,343.205,343.205,253.981,actual_path,3600,prism
0,out/models/model_spotify1000_model-it_0.prism,"Pmax=? [(F ""positive"") & ((X( loc=1 & ((X( loc=44 & ((X( loc=211 & ((X( loc=336|loc=341|loc=343 & ((X( loc=345|loc=350|loc=352 & ((X( loc=543 & ((X( loc=1118 & ((X( loc=1505 & (X( loc=1507 ))))))))))))))))))))))))))]",9,0.0019639425840995363,372.049,372.049,252.266,actual_path,3600,prism
